Position	Weight
cg00059225	0.02
cg00085493	-0.1
cg00095976	0.01
cg00609333	0.02
cg01287592	-0.06
cg01704999	-0.1
cg02209075	0.14
cg02310103	-0.08
cg02426178	-0.36
cg02821342	-0.13
cg02980055	-0.14
cg03020208	0.21
cg03466124	-0.02
cg03473016	0
cg03493146	-0.16
cg03555227	0.64
cg04221461	0.03
cg04452203	-0.03
cg04937184	-0.05
cg04948475	0
cg05024939	0.15
cg05271255	-0.12
cg05923197	0.04
cg05928290	0.16
cg06048436	-0.15
cg06144905	0.32
cg06198384	0
cg06416491	-0.19
cg06430061	-0.02
cg06455149	0.09
cg06712013	-0.05
cg07066898	0.07
cg07638500	-0.03
cg07809484	0.07
cg08207604	-0.11
cg08448547	0.06
cg09367901	0.04
cg09678615	-0.08
cg10308629	-0.09
cg11071401	0.23
cg11084334	0.03
cg11092416	-0.09
cg11117945	-0.01
cg11298786	-0.1
cg11529819	-0.09
cg11705975	0.18
cg11804928	-0.25
cg12483947	-0.01
cg13462622	0.04
cg13739066	0.05
cg13783238	0
cg13848598	0.05
cg14676592	0.14
cg15774391	-0.14
cg16181396	0.09
cg16243756	0.07
cg16314254	0.12
cg16374999	0.02
cg16514113	0.32
cg16618789	0.15
cg16703882	0.1
cg16852756	-0.05
cg16867657	0.47
cg17882660	0.04
cg18244483	0.22
cg18826352	0.09
cg19203457	0.09
cg19381811	-0.08
cg19662687	-0.03
cg20283670	-0.14
cg20397034	-0.68
cg20704560	-0.03
cg20755989	0.19
cg20847090	0.01
cg20897936	0.19
cg21515406	0.01
cg21572722	0.65
cg22281505	-0.04
cg23500537	0.08
cg23586440	0.01
cg23731991	-0.07
cg24374161	-0.11
cg24441922	-0.15
cg24739596	0
cg24881205	0.04
cg24996883	-0.24
cg25062539	-0.35
cg25936902	-0.05
cg26535072	-0.15
cg26650655	-0.06
cg26718511	0.18
cg27061971	0.14
cg27396655	-0.33
cg27437510	0.11
